{"cameraMode":{"drawMode":0,"name":"Shaded","section":"Shading Mode"},"sceneLighting":true,"audioPlay":false,"sceneViewState":{"m_AlwaysRefresh":false,"showFog":true,"showSkybox":true,"showFlares":true,"showImageEffects":true,"showParticleSystems":true,"showVisualEffectGraphs":true,"m_FxEnabled":true},"in2DMode":false,"pivot":{"x":737.3632202148438,"y":0.8077743053436279,"z":731.682861328125},"rotation":{"x":0.028541870415210725,"y":0.9698589444160461,"z":-0.14153441786766053,"w":0.1960906833410263},"size":10.008910179138184,"orthographic":false}