{"cameraMode":{"drawMode":0,"name":"Shaded","section":"Shading Mode"},"sceneLighting":true,"audioPlay":false,"sceneViewState":{"m_AlwaysRefresh":false,"showFog":true,"showSkybox":true,"showFlares":true,"showImageEffects":true,"showParticleSystems":true,"showVisualEffectGraphs":true,"m_FxEnabled":true},"in2DMode":false,"pivot":{"x":27.741086959838868,"y":11.830657958984375,"z":28.032093048095704},"rotation":{"x":0.6833800673484802,"y":-0.0043801357969641689,"z":0.004100246354937553,"w":0.7300401329994202},"size":29.88547134399414,"orthographic":false}