{"cameraMode":{"drawMode":0,"name":"Shaded","section":"Shading Mode"},"sceneLighting":true,"audioPlay":false,"sceneViewState":{"m_AlwaysRefresh":false,"showFog":true,"showSkybox":true,"showFlares":true,"showImageEffects":true,"showParticleSystems":true,"showVisualEffectGraphs":true,"m_FxEnabled":true},"in2DMode":false,"pivot":{"x":739.6971435546875,"y":26.338848114013673,"z":747.2620849609375},"rotation":{"x":0.0010701582068577409,"y":-0.9126706719398499,"z":0.4085550904273987,"w":0.0021753518376499416},"size":1.2117745876312256,"orthographic":false}