{"cameraMode":{"drawMode":0,"name":"Shaded","section":"Shading Mode"},"sceneLighting":true,"audioPlay":false,"sceneViewState":{"m_AlwaysRefresh":false,"showFog":true,"showSkybox":true,"showFlares":true,"showImageEffects":true,"showParticleSystems":true,"showVisualEffectGraphs":true,"m_FxEnabled":true},"in2DMode":false,"pivot":{"x":19.214767456054689,"y":-17.411474227905275,"z":68.8799819946289},"rotation":{"x":0.1310402899980545,"y":0.14664243161678315,"z":-0.019627390429377557,"w":0.9802550077438355},"size":44.57316970825195,"orthographic":false}