{"cameraMode":{"drawMode":0,"name":"Shaded","section":"Shading Mode"},"sceneLighting":true,"audioPlay":false,"sceneViewState":{"m_AlwaysRefresh":false,"showFog":true,"showSkybox":true,"showFlares":true,"showImageEffects":true,"showParticleSystems":true,"showVisualEffectGraphs":true,"m_FxEnabled":true},"in2DMode":false,"pivot":{"x":739.5792846679688,"y":18.573862075805665,"z":722.4282836914063},"rotation":{"x":0.38087230920791628,"y":0.024576764553785325,"z":-0.010378194972872734,"w":0.9242146611213684},"size":7.200602054595947,"orthographic":false}