{"cameraMode":{"drawMode":0,"name":"Shaded","section":"Shading Mode"},"sceneLighting":true,"audioPlay":false,"sceneViewState":{"m_AlwaysRefresh":false,"showFog":true,"showSkybox":true,"showFlares":true,"showImageEffects":true,"showParticleSystems":true,"showVisualEffectGraphs":true,"m_FxEnabled":true},"in2DMode":false,"pivot":{"x":752.3631591796875,"y":1.4225444793701172,"z":762.2489013671875},"rotation":{"x":-0.07110866904258728,"y":0.08130962401628494,"z":-0.005671066697686911,"w":-0.994117259979248},"size":17.057720184326173,"orthographic":false}