{"cameraMode":{"drawMode":0,"name":"Shaded","section":"Shading Mode"},"sceneLighting":true,"audioPlay":false,"sceneViewState":{"m_AlwaysRefresh":false,"showFog":true,"showSkybox":true,"showFlares":true,"showImageEffects":true,"showParticleSystems":true,"showVisualEffectGraphs":true,"m_FxEnabled":true},"in2DMode":false,"pivot":{"x":752.2362670898438,"y":1.5238680839538575,"z":762.242431640625},"rotation":{"x":-0.06960900872945786,"y":0.08280927687883377,"z":-0.005653523374348879,"w":-0.9940997362136841},"size":21.257022857666017,"orthographic":false}