{"cameraMode":{"drawMode":0,"name":"Shaded","section":"Shading Mode"},"sceneLighting":true,"audioPlay":false,"sceneViewState":{"m_AlwaysRefresh":false,"showFog":true,"showSkybox":true,"showFlares":true,"showImageEffects":true,"showParticleSystems":true,"showVisualEffectGraphs":true,"m_FxEnabled":true},"in2DMode":false,"pivot":{"x":0.6836376190185547,"y":0.46182680130004885,"z":2.8693971633911135},"rotation":{"x":-0.19093330204486848,"y":-0.749644935131073,"z":0.24505218863487245,"w":-0.5843251347541809},"size":307.6250915527344,"orthographic":false}