{"cameraMode":{"drawMode":0,"name":"Shaded","section":"Shading Mode"},"sceneLighting":true,"audioPlay":false,"sceneViewState":{"m_AlwaysRefresh":false,"showFog":true,"showSkybox":true,"showFlares":true,"showImageEffects":true,"showParticleSystems":true,"showVisualEffectGraphs":true,"m_FxEnabled":true},"in2DMode":false,"pivot":{"x":17.336191177368165,"y":-100.31189727783203,"z":114.43653106689453},"rotation":{"x":0.3598472476005554,"y":0.036373820155858996,"z":-0.014041818678379059,"w":0.9321991801261902},"size":80.90068054199219,"orthographic":false}