{"cameraMode":{"drawMode":0,"name":"Shaded","section":"Shading Mode"},"sceneLighting":true,"audioPlay":false,"sceneViewState":{"m_AlwaysRefresh":false,"showFog":true,"showSkybox":true,"showFlares":true,"showImageEffects":true,"showParticleSystems":true,"showVisualEffectGraphs":true,"m_FxEnabled":true},"in2DMode":false,"pivot":{"x":14.617521286010743,"y":-3.9586238861083986,"z":-7.464428424835205},"rotation":{"x":0.05696725472807884,"y":-0.9347500801086426,"z":0.17530682682991029,"w":0.3036639094352722},"size":11.899358749389649,"orthographic":false}