{"cameraMode":{"drawMode":0,"name":"Shaded","section":"Shading Mode"},"sceneLighting":false,"audioPlay":false,"sceneViewState":{"m_AlwaysRefresh":false,"showFog":true,"showSkybox":false,"showFlares":true,"showImageEffects":true,"showParticleSystems":true,"showVisualEffectGraphs":true,"m_FxEnabled":true},"in2DMode":false,"pivot":{"x":1.4485602378845215,"y":0.26728254556655886,"z":2.371212959289551},"rotation":{"x":0.34354114532470705,"y":0.16362819075584413,"z":-0.06091908738017082,"w":0.9227681756019592},"size":3.9073946475982668,"orthographic":false}