{"cameraMode":{"drawMode":0,"name":"Shaded","section":"Shading Mode"},"sceneLighting":false,"audioPlay":false,"sceneViewState":{"m_AlwaysRefresh":false,"showFog":true,"showSkybox":false,"showFlares":true,"showImageEffects":true,"showParticleSystems":true,"showVisualEffectGraphs":true,"m_FxEnabled":true},"in2DMode":false,"pivot":{"x":2.72885799407959,"y":0.8557522296905518,"z":2.3798704147338869},"rotation":{"x":-0.03201901167631149,"y":-0.14579172432422639,"z":0.0048909736797213558,"w":-0.9887539744377136},"size":4.522090435028076,"orthographic":false}