{"cameraMode":{"drawMode":0,"name":"Shaded","section":"Shading Mode"},"sceneLighting":false,"audioPlay":false,"sceneViewState":{"m_AlwaysRefresh":false,"showFog":true,"showSkybox":false,"showFlares":true,"showImageEffects":true,"showParticleSystems":true,"showVisualEffectGraphs":true,"m_FxEnabled":true},"in2DMode":false,"pivot":{"x":0.054446280002593997,"y":-0.026848062872886659,"z":1.4031956195831299},"rotation":{"x":-0.1807858943939209,"y":0.08017345517873764,"z":-0.014674288220703602,"w":-0.9801086187362671},"size":2.1897175312042238,"orthographic":false}