{"cameraMode":{"drawMode":0,"name":"Shaded","section":"Shading Mode"},"sceneLighting":false,"audioPlay":false,"sceneViewState":{"m_AlwaysRefresh":false,"showFog":true,"showSkybox":false,"showFlares":true,"showImageEffects":true,"showParticleSystems":true,"showVisualEffectGraphs":true,"m_FxEnabled":true},"in2DMode":false,"pivot":{"x":0.08824586868286133,"y":-0.6808587312698364,"z":1.4725091457366944},"rotation":{"x":-0.1807858943939209,"y":0.08017345517873764,"z":-0.014674288220703602,"w":-0.9801086187362671},"size":2.4998908042907717,"orthographic":false}