{"cameraMode":{"drawMode":0,"name":"Shaded","section":"Shading Mode"},"sceneLighting":false,"audioPlay":false,"sceneViewState":{"m_AlwaysRefresh":false,"showFog":true,"showSkybox":false,"showFlares":true,"showImageEffects":true,"showParticleSystems":true,"showVisualEffectGraphs":true,"m_FxEnabled":true},"in2DMode":false,"pivot":{"x":0.25701338052749636,"y":-0.03845226764678955,"z":1.4794223308563233},"rotation":{"x":-0.1807858943939209,"y":0.08017345517873764,"z":-0.014674288220703602,"w":-0.9801086187362671},"size":2.702181339263916,"orthographic":false}