{"cameraMode":{"drawMode":0,"name":"Shaded","section":"Shading Mode"},"sceneLighting":false,"audioPlay":false,"sceneViewState":{"m_AlwaysRefresh":false,"showFog":true,"showSkybox":false,"showFlares":true,"showImageEffects":true,"showParticleSystems":true,"showVisualEffectGraphs":true,"m_FxEnabled":true},"in2DMode":false,"pivot":{"x":0.3631324768066406,"y":-0.2866206169128418,"z":0.042618751525878909},"rotation":{"x":-0.17350946366786958,"y":0.3522150218486786,"z":-0.0664653405547142,"w":-0.9172579646110535},"size":3.866024971008301,"orthographic":false}