{"cameraMode":{"drawMode":0,"name":"Shaded","section":"Shading Mode"},"sceneLighting":false,"audioPlay":false,"sceneViewState":{"m_AlwaysRefresh":false,"showFog":true,"showSkybox":false,"showFlares":true,"showImageEffects":true,"showParticleSystems":true,"showVisualEffectGraphs":true,"m_FxEnabled":true},"in2DMode":false,"pivot":{"x":752.5938720703125,"y":1.2413641214370728,"z":741.4327392578125},"rotation":{"x":0.4288354218006134,"y":0.025969183072447778,"z":-0.012473312206566334,"w":0.9029253721237183},"size":2.256763219833374,"orthographic":false}