{"cameraMode":{"drawMode":0,"name":"Shaded","section":"Shading Mode"},"sceneLighting":false,"audioPlay":false,"sceneViewState":{"m_AlwaysRefresh":false,"showFog":true,"showSkybox":false,"showFlares":true,"showImageEffects":true,"showParticleSystems":true,"showVisualEffectGraphs":true,"m_FxEnabled":true},"in2DMode":false,"pivot":{"x":-2.384185791015625e-7,"y":1.4089133739471436,"z":0.030282944440841676},"rotation":{"x":-0.1807858943939209,"y":0.08017345517873764,"z":-0.014674288220703602,"w":-0.9801086187362671},"size":2.169206380844116,"orthographic":false}