{"cameraMode":{"drawMode":0,"name":"Shaded","section":"Shading Mode"},"sceneLighting":false,"audioPlay":false,"sceneViewState":{"m_AlwaysRefresh":false,"showFog":true,"showSkybox":false,"showFlares":true,"showImageEffects":true,"showParticleSystems":true,"showVisualEffectGraphs":true,"m_FxEnabled":true},"in2DMode":false,"pivot":{"x":758.7559204101563,"y":1.3136008977890015,"z":741.4432983398438},"rotation":{"x":0.4288354218006134,"y":0.025969183072447778,"z":-0.012473312206566334,"w":0.9029253721237183},"size":2.4399266242980959,"orthographic":false}